text,popularity,meaning1,meaning2
な い,549,,
っ て,456,,
っ た,410,,
ど う,286,,
そ う,278,,
し て,273,,
ん だ,258,,
て る,238,,
か っ,220,,
い い,218,,
で す,194,,
し た,171,,
そ れ,163,,
て く,142,,
く れ,136,,
か ら,125,,
こ れ,122,,
分 か,118,part,
ん な,113,,
な ん,113,,
ど こ,113,,
す る,112,,
ら な,111,,
こ こ,108,,
た の,106,,
わ か,105,,
る の,102,,
い わ,102,,
リ ー,98,,
う だ,96,,
れ は,95,,
や っ,95,,
さ い,95,,
こ に,94,,
も う,93,,
し い,93,,
ま す,92,,
じ ゃ,92,,
い る,86,,
何 を,85,what,
ま し,85,,
行 く,84,go,
い で,84,,
あ り,84,,
あ あ,83,,
だ よ,80,,
っ と,79,,
う し,77,,
し ょ,76,,
こ と,76,,
大 丈,73,large,length
丈 夫,73,length,husband
な た,73,,
い て,73,,
す か,72,,
あ な,72,,
言 っ,71,say,
て い,70,,
る ん,69,,
ゃ な,69,,
う か,69,,
何 か,68,what,
な の,68,,
え て,67,,
い た,67,,
り ま,66,,
た い,66,,
い よ,66,,
ッ ク,65,,
っ ち,64,,
し ろ,64,,
は い,63,,
の か,63,,
だ ろ,63,,
ん で,62,,
何 が,61,what,
よ う,61,,
か な,60,,
い や,60,,
い か,60,,
で も,59,,
い の,59,,
い な,59,,
ま せ,58,,
た か,57,,
そ の,56,,
し ま,56,,
い ま,56,,
で し,55,,
せ ん,55,,
違 う,54,differ,
は ど,54,,
う な,54,,
れ で,53,,
か る,53,,
お 前,53,,"""in"
る わ,52,,
さ ん,52,,
何 だ,51,what,
ー ス,51,,
ょ う,51,,
だ っ,51,,
あ る,51,,
う い,50,,
タ ー,49,,
な さ,49,,
と う,49,,
待 っ,48,wait,
り が,48,,
つ け,48,,
お い,48,,
あ っ,48,,
で き,47,,
て な,47,,
こ っ,47,,
が と,47,,
か し,47,,
ォ ー,46,,
ち ょ,46,,
た わ,46,,
い う,46,,
行 け,45,go,
け て,45,,
る か,44,,
そ ん,44,,
え え,44,,
う で,44,,
う す,44,,
や め,43,,
は 何,43,,what
な ぜ,43,,
こ で,43,,
ャ ー,42,,
ッ ト,42,,
る よ,42,,
り だ,42,,
く な,42,,
見 て,41,see,
知 っ,41,know,
何 の,41,what,
ろ う,41,,
が あ,41,,
本 当,40,book,hit
ジ ェ,40,,
る な,40,,
ょ っ,40,,
い だ,40,,
ー ル,39,,
に し,39,,
さ あ,39,,
う ん,39,,
彼 女,38,he,woman
デ ィ,38,,
す ぐ,38,,
い つ,38,,
私 は,37,me,
時 間,37,time,interval
フ ォ,37,,
め て,37,,
な ら,37,,
た ん,37,,
い ん,37,,
願 い,36,request,
行 っ,36,go,
終 わ,36,end,
を 見,36,,see
れ た,36,,
ま で,36,,
に い,36,,
て み,36,,
聞 い,35,hear,
何 も,35,what,
ダ メ,35,,
れ だ,35,,
ま だ,35,,
て こ,35,,
そ こ,35,,
ー ン,34,,
れ て,34,,
だ け,34,,
た な,34,,
ジ ョ,33,,
を し,33,,
は な,33,,
に は,33,,
く だ,33,,
お 願,33,,request
知 ら,32,know,
来 た,32,come,
ジ ャ,32,,
ア ン,32,,
よ し,32,,
よ く,32,,
に 行,32,,go
こ う,32,,
か り,32,,
見 つ,31,see,
何 し,31,what,
ッ ド,31,,
れ を,31,,
ま た,31,,
た よ,31,,
せ て,31,,
良 い,30,good,
問 題,30,question,topic
シ ー,30,,
だ な,30,,
か い,30,,
助 け,29,help,
出 来,29,exit,come
信 じ,29,trust,
ー ク,29,,
チ ャ,29,,
や る,29,,
も な,29,,
て ろ,29,,
け ろ,29,,
き て,29,,
あ そ,29,,
通 り,28,"""pass",
誰 か,28,"""who",
何 で,28,what,
ニ ー,28,,
テ ィ,28,,
れ な,28,,
ら れ,28,,
の よ,28,,
な か,28,,
て た,28,,
考 え,27,think,
楽 し,27,pleasure,
手 を,27,hand,
思 う,27,think,
レ ン,27,,
て よ,27,,
だ さ,27,,
し な,27,,
言 う,26,say,
来 い,26,come,
ラ ン,26,,
し か,26,,
こ の,26,,
愛 し,25,love,
ュ ー,25,,
バ カ,25,,
れ る,25,,
め ろ,25,,
こ ん,25,,
こ か,25,,
き な,25,,
う 思,25,,think
う よ,25,,
う や,25,,
私 の,24,me,
来 る,24,come,
早 く,24,early,
待 て,24,wait,
何 て,24,what,
ロ ー,24,,
リ ス,24,,
ラ イ,24,,
ク ス,24,,
も し,24,,
な っ,24,,
つ も,24,,
ち ろ,24,,
た は,24,,
す ご,24,,
こ い,24,,
き ま,24,,
え た,24,,
う ぞ,24,,
行 か,23,go,
準 備,23,standard,provide
来 て,23,come,
一 緒,23,one,thong
ス タ,23,,
ク ソ,23,,
ィ ー,23,,
ア ー,23,,
れ ば,23,,
は 誰,23,,"""who"
な に,23,,
た だ,23,,
い ね,23,,
誰 だ,22,"""who",
緒 に,22,thong,
出 て,22,exit,
何 な,22,what,
ー ム,22,,
ー ド,22,,
ョ ー,22,,
フ ィ,22,,
ん て,22,,
ろ ん,22,,
れ が,22,,
り ゃ,22,,
ら ん,22,,
も ち,22,,
ま っ,22,,
だ い,22,,
し よ,22,,
さ れ,22,,
け た,22,,
か に,22,,
え な,22,,
あ れ,22,,
行 こ,21,go,
行 き,21,go,
私 も,21,me,
無 理,21,nothing,reason
当 に,21,hit,
元 気,21,origin,feeling
何 と,21,what,
リ ッ,21,,
わ な,21,,
る ぞ,21,,
に 来,21,,come
な る,21,,
な こ,21,,
と だ,21,,
で は,21,,
こ だ,21,,
き た,21,,
え る,21,,
う わ,21,,
間 違,20,interval,differ
開 け,20,open,
見 え,20,see,
落 ち,20,fall,
残 念,20,remainder,thought
意 味,20,idea,flavor
必 要,20,"""without",need
夫 だ,20,husband,
事 だ,20,"""abstract",
ー リ,20,,
ン ト,20,,
レ ッ,20,,
メ ガ,20,,
バ ー,20,,
カ ー,20,,
も い,20,,
の は,20,,
ど ん,20,,
と い,20,,
て も,20,,
つ か,20,,
ご い,20,,
電 話,19,electricity,talk
話 し,19,talk,
聞 こ,19,hear,
私 に,19,me,
気 を,19,feeling,
気 に,19,feeling,
殺 し,19,kill,
心 配,19,heart,distribute
彼 は,19,he,
前 は,19,"""in",
仕 事,19,do,"""abstract"
ン ジ,19,,
シ ョ,19,,
ゴ ー,19,,
ィ ン,19,,
を つ,19,,
わ り,19,,
と も,19,,
だ わ,19,,
た ぞ,19,,
こ え,19,,
違 い,18,differ,
逃 げ,18,escape,
良 か,18,good,
死 ん,18,death,
来 な,18,come,
君 は,18,you,
冗 談,18,superfluous,discuss
入 っ,18,enter,
ー レ,18,,
ー ト,18,,
レ イ,18,,
リ ン,18,,
ホ ー,18,,
ス ト,18,,
シ ャ,18,,
キ ャ,18,,
オ ー,18,,
ウ ォ,18,,
ウ ィ,18,,
わ っ,18,,
れ か,18,,
ら 出,18,,exit
も り,18,,
め ん,18,,
ま り,18,,
の せ,18,,
に 入,18,,enter
に あ,18,,
と か,18,,
だ ね,18,,
だ と,18,,
せ ろ,18,,
せ い,18,,
ご め,18,,
く ん,18,,
う こ,18,,
い ぞ,18,,
あ ら,18,,
あ の,18,,
言 え,17,say,
覚 え,17,memorize,
忘 れ,17,forget,
女 は,17,woman,
失 礼,17,lose,thanks
君 の,17,you,
ワ ー,17,,
ル ー,17,,
パ パ,17,,
シ ュ,17,,
ク リ,17,,
ガ フ,17,,
ェ イ,17,,
わ ね,17,,
れ よ,17,,
み ろ,17,,
ま え,17,,
と 待,17,,wait
ざ い,17,,
ご ざ,17,,
が 起,17,,"""wake"
銃 を,16,gun,
約 束,16,promise,bundle
私 が,16,me,
生 き,16,life,
気 だ,16,feeling,
名 前,16,name,"""in"
前 回,16,"""in",times
下 さ,16,below,
ン ク,16,,
マ ー,16,,
フ ラ,16,,
ェ ー,16,,
わ よ,16,,
ろ よ,16,,
ま あ,16,,
な く,16,,
で 何,16,,what
ち 着,16,,wear
だ か,16,,
た め,16,,
げ ろ,16,,
ぐ に,16,,
う ね,16,,
う じ,16,,
い と,16,,
い っ,16,,
起 き,15,"""wake",
見 ろ,15,see,
見 た,15,see,
見 せ,15,see,
無 い,15,nothing,
止 ま,15,stop,
戻 る,15,re-,
好 き,15,like,
出 し,15,exit,
任 せ,15,responsibility,
一 体,15,one,body
ー タ,15,,
ー シ,15,,
ン ド,15,,
リ ア,15,,
メ だ,15,,
ド ア,15,,
ジ ュ,15,,
サ ン,15,,
ら し,15,,
よ か,15,,
ゃ あ,15,,
ま れ,15,,
の 通,15,,"""pass"
て ん,15,,
く そ,15,,
き る,15,,
野 郎,14,field,son
確 か,14,certain,
知 り,14,know,
止 め,14,stop,
持 っ,14,hold,
戻 っ,14,re-,
感 じ,14,feeling,
悪 い,14,bad,
共 に,14,together,
俺 が,14,i,
ー ラ,14,,
ミ ー,14,,
ビ ー,14,,
パ ー,14,,
ッ プ,14,,
ジ ー,14,,
サ ー,14,,
ウ ソ,14,,
イ ン,14,,
イ ク,14,,
を 言,14,,say
ろ し,14,,
り な,14,,
や い,14,,
み ん,14,,
へ 行,14,,go
は 違,14,,differ
の 名,14,,name
の こ,14,,
に も,14,,
に な,14,,
と を,14,,
で い,14,,
て 行,14,,go
ち ら,14,,
ち ゃ,14,,
た く,14,,
そ っ,14,,
す れ,14,,
こ へ,14,,
け ど,14,,
く の,14,,
が い,14,,
う ご,14,,
い え,14,,
誰 が,13,"""who",
本 気,13,book,feeling
最 高,13,most,tall
手 伝,13,hand,transmit
思 い,13,think,
少 し,13,few,
前 の,13,"""in",
入 れ,13,enter,
会 え,13,association,
ラ ー,13,,
モ ー,13,,
マ マ,13,,
マ ッ,13,,
マ ス,13,,
ピ ー,13,,
ス ー,13,,
コ ー,13,,
イ ト,13,,
を 開,13,,open
を す,13,,
や れ,13,,
も だ,13,,
の 話,13,,talk
の た,13,,
で の,13,,
て 来,13,,come
て 下,13,,below
ち は,13,,
ち だ,13,,
た ね,13,,
そ り,13,,
す ま,13,,
じ ら,13,,
げ る,13,,
く ぞ,13,,
か あ,13,,
お や,13,,
お か,13,,
う も,13,,
う に,13,,
う と,13,,
い じ,13,,
い お,13,,
あ 行,13,,go
間 が,12,interval,
質 問,12,quality,question
話 を,12,talk,
言 い,12,say,
疲 れ,12,exhausted,
申 し,12,say,
理 だ,12,reason,
気 で,12,feeling,
教 え,12,teach,
念 だ,12,thought,
ー パ,12,,
ー ジ,12,,
ラ ッ,12,,
ョ ン,12,,
マ イ,12,,
パ ワ,12,,
ス テ,12,,
オ リ,12,,
イ リ,12,,
イ ア,12,,
る だ,12,,
り た,12,,
な 事,12,,"""abstract"
と こ,12,,
て て,12,,
つ い,12,,
っ か,12,,
だ め,12,,
だ が,12,,
そ し,12,,
け る,12,,
く わ,12,,
が や,12,,
か ま,12,,
え ろ,12,,
う 意,12,,idea
う そ,12,,
い し,12,,
い け,12,,
い く,12,,
題 な,11,topic,
頑 張,11,stubborn,stretch
関 係,11,related,"""person"
起 こ,11,"""wake",
私 を,11,me,
殺 さ,11,kill,
座 っ,11,sit,
夫 か,11,husband,
全 部,11,whole,part
俺 の,11,i,
係 な,11,"""person",
今 の,11,now,
上 げ,11,up,
ー メ,11,,
ー ズ,11,,
ー イ,11,,
ロ ン,11,,
ル ト,11,,
フ ァ,11,,
ソ ン,11,,
ケ イ,11,,
イ ラ,11,,
ア ナ,11,,
ん の,11,,
ん と,11,,
る さ,11,,
よ ろ,11,,
も っ,11,,
ま な,11,,
は 大,11,,large
に 戻,11,,re-
ど い,11,,
と 思,11,,think
と 共,11,,together
て お,11,,
っ く,11,,
す み,11,,
し っ,11,,
し く,11,,
け な,11,,
く し,11,,
が 言,11,,say
か か,11,,
う 一,11,,one
う は,11,,
あ ん,11,,
あ い,11,,
驚 い,10,wonder,
頼 む,10,trust,
面 白,10,face,white
間 だ,10,interval,
違 っ,10,differ,
誰 も,10,"""who",
言 わ,10,say,
着 い,10,wear,
目 を,10,eye,
母 さ,10,mother,
死 ぬ,10,death,
欲 し,10,longing,
怖 い,10,dreadful,
待 ち,10,wait,
子 は,10,child,
嬉 し,10,,
始 め,10,begin,
回 ま,10,times,
名 は,10,name,
動 く,10,move,
僕 は,10,me,
備 は,10,provide,
俺 は,10,i,
何 者,10,what,someone
何 や,10,what,
会 い,10,association,
伏 せ,10,prostrated,
他 に,10,other,
了 解,10,finish,untie
一 度,10,one,degrees
ー サ,10,,
ン ダ,10,,
ュ リ,10,,
ャ ン,10,,
メ リ,10,,
ム ズ,10,,
ベ イ,10,,
ブ ラ,10,,
ビ ッ,10,,
バ イ,10,,
ケ ー,10,,
グ レ,10,,
ク イ,10,,
キ ー,10,,
イ ー,10,,
ア イ,10,,
ア を,10,,
ん よ,10,,
ん は,10,,
ん た,10,,
れ ま,10,,
れ し,10,,
る で,10,,
ら い,10,,
め だ,10,,
み ま,10,,
ふ ざ,10,,
ば い,10,,
は こ,10,,
の と,10,,
な き,10,,
と 言,10,,say
と な,10,,
と で,10,,
と し,10,,
て 言,10,,say
て や,10,,
つ ま,10,,
ち へ,10,,
ち が,10,,
た れ,10,,
し 訳,10,,translate
ざ け,10,,
こ は,10,,
こ ち,10,,
け 行,10,,go
く り,10,,
く ら,10,,
く よ,10,,
き ゃ,10,,
か せ,10,,
お う,10,,
え そ,10,,
う 事,10,,"""abstract"
う ー,10,,
う ま,10,,
う の,10,,
い ら,10,,
静 か,9,quiet,
連 れ,9,"""take",
調 子,9,investigate,child
誰 に,9,"""who",
聞 け,9,hear,
絶 対,9,discontinue,opposite
結 構,9,tie,construct
素 晴,9,elementary,"""clear"
簡 単,9,simplicity,simple
無 事,9,nothing,"""abstract"
気 分,9,feeling,part
最 後,9,most,behind
晴 ら,9,"""clear",
捕 ま,9,catch,
後 で,9,behind,
彼 ら,9,he,
平 気,9,flat,feeling
帰 る,9,return,
博 士,9,Dr.,gentleman
前 だ,9,"""in",
僕 も,9,me,
俺 に,9,i,
何 に,9,what,
何 す,9,what,
ー ロ,9,,
ー フ,9,,
ー テ,9,,
ー ん,9,,
ン ス,9,,
ン は,9,,
ロ ッ,9,,
ャ ッ,9,,
モ ン,9,,
ム ラ,9,,
マ ジ,9,,
ビ ン,9,,
ハ ハ,9,,
ト リ,9,,
ッ タ,9,,
チ ェ,9,,
タ ン,9,,
グ リ,9,,
ガ ン,9,,
カ イ,9,,
ェ ル,9,,
イ ヤ,9,,
ア レ,9,,
ア ッ,9,,
ん ば,9,,
ら だ,9,,
や だ,9,,
ゃ ん,9,,
ゃ い,9,,
も 行,9,,go
め る,9,,
ま ず,9,,
ま ぁ,9,,
ほ ら,9,,
は 無,9,,nothing
は 分,9,,part
の 子,9,,child
の だ,9,,
に す,9,,
ど っ,9,,
で く,9,,
て き,9,,
ち を,9,,
だ こ,9,,
た ら,9,,
た も,9,,
す よ,9,,
し 行,9,,go
さ ま,9,,
け よ,9,,
く や,9,,
が っ,9,,
か も,9,,
お 待,9,,wait
あ と,9,,
高 だ,8,tall,
馬 鹿,8,horse,deer
食 べ,8,eat,
閣 下,8,tall,below
説 明,8,theory,bright
話 だ,8,talk,
話 せ,8,talk,
話 が,8,talk,
要 な,8,need,
続 け,8,continue,
統 領,8,unite,territory
素 敵,8,elementary,enemy
移 動,8,shift,move
確 認,8,certain,recognize
白 い,8,white,
消 え,8,extinguish,
殺 す,8,kill,
束 し,8,bundle,
方 な,8,direction,
捨 て,8,"""throw",
感 謝,8,feeling,apologize
思 っ,8,think,
安 全,8,cheap,whole
女 の,8,woman,
大 統,8,large,unite
大 変,8,large,change
変 だ,8,change,
場 所,8,place,place
危 険,8,dangerous,precipitous
分 だ,8,part,
俺 も,8,i,
体 何,8,body,what
仕 方,8,do,direction
今 は,8,now,
今 す,8,now,
事 に,8,"""abstract",
事 な,8,"""abstract",
中 に,8,middle,
下 が,8,below,
ー ッ,8,,
ー ガ,8,,
ー カ,8,,
ヴ ィ,8,,
メ ン,8,,
ボ ー,8,,
ホ ン,8,,
ナ ー,8,,
デ イ,8,,
ッ シ,8,,
サ ム,8,,
ク レ,8,,
ク タ,8,,
ク シ,8,,
キ ン,8,,
エ ル,8,,
エ リ,8,,
イ ル,8,,
イ エ,8,,
ィ ル,8,,
ア リ,8,,
ん に,8,,
を 殺,8,,kill
ろ せ,8,,
り に,8,,
り し,8,,
よ ね,8,,
も ね,8,,
ま さ,8,,
ま く,8,,
は あ,8,,
に 帰,8,,return
な り,8,,
ど れ,8,,
と お,8,,
で る,8,,
で ど,8,,
て あ,8,,
つ は,8,,
ち に,8,,
た ち,8,,
た し,8,,
ぜ こ,8,,
す ん,8,,
す ね,8,,
じ る,8,,
じ て,8,,
し ら,8,,
さ え,8,,
こ 行,8,,go
こ ろ,8,,
こ よ,8,,
げ て,8,,
が 必,8,,"""without"
が れ,8,,
が な,8,,
が う,8,,
か よ,8,,
お 疲,8,,exhausted
う れ,8,,
う さ,8,,
い 出,8,,exit
あ ぁ,8,,
離 れ,7,detach,
降 り,7,descend,
配 な,7,distribute,
邪 魔,7,wicked,witch
警 察,7,"""guard",guess
誰 の,7,"""who",
誰 で,7,"""who",
良 く,7,good,
聞 き,7,hear,
答 え,7,answer,
礼 し,7,thanks,
着 け,7,wear,
眠 れ,7,sleep,
監 視,7,oversee,"""look"
用 意,7,use,idea
父 さ,7,father,
減 に,7,decrease,
殺 せ,7,kill,
正 し,7,correct,
放 っ,7,release,
攻 撃,7,aggression,beat
撃 た,7,beat,
押 さ,7,push,
手 に,7,hand,
我 は,7,ego,
意 し,7,idea,
急 げ,7,hurry,
後 ろ,7,behind,
当 然,7,hit,so
家 に,7,house,
子 供,7,child,offer
女 を,7,woman,
嘘 だ,7,,
命 令,7,fate,orders
君 を,7,you,
十 分,7,ten,part
助 か,7,help,
加 減,7,add,decrease
前 に,7,"""in",
出 ろ,7,exit,
出 せ,7,exit,
全 員,7,whole,member
何 言,7,what,say
何 処,7,what,dispose
事 を,7,"""abstract",
事 は,7,"""abstract",
乗 れ,7,ride,
下 ろ,7,below,
ー マ,7,,
ー ザ,7,,
ー ゴ,7,,
ー は,7,,
ロ イ,7,,
レ ー,7,,
レ ス,7,,
ル タ,7,,
ラ ム,7,,
ャ ロ,7,,
マ ン,7,,
マ シ,7,,
ベ ル,7,,
ブ レ,7,,
ド リ,7,,
ト ン,7,,
ダ イ,7,,
ザ ー,7,,
サ イ,7,,
ォ ル,7,,
エ ー,7,,
エ ッ,7,,
エ イ,7,,
ウ ェ,7,,
イ レ,7,,
イ ビ,7,,
イ ス,7,,
を く,7,,
る 気,7,,feeling
り で,7,,
ら か,7,,
よ な,7,,
ゆ っ,7,,
や ろ,7,,
や ら,7,,
も の,7,,
も あ,7,,
め よ,7,,
め ま,7,,
め で,7,,
み て,7,,
み た,7,,
ま る,7,,
ま い,7,,
ほ ど,7,,
べ て,7,,
ひ ど,7,,
は よ,7,,
は ず,7,,
の 番,7,,"""one's"
の 人,7,,person
ね え,7,,
に よ,7,,
に そ,7,,
な 感,7,,feeling
な し,7,,
と は,7,,
と て,7,,
て 待,7,,wait
て 嬉,7,,
て 事,7,,"""abstract"
て ね,7,,
っ し,7,,
た り,7,,
せ る,7,,
せ な,7,,
す ぎ,7,,
す が,7,,
し ゃ,7,,
し も,7,,
さ よ,7,,
こ を,7,,
こ そ,7,,
け だ,7,,
く 聞,7,,hear
く い,7,,
が 何,7,,what
か 見,7,,see
か け,7,,
お り,7,,
え ば,7,,
え っ,7,,
う 通,7,,"""pass"
う 行,7,,go
う る,7,,
う ぜ,7,,
い 加,7,,add
い は,7,,
い ど,7,,
あ ど,7,,
ｏ ｋ,6,,
黙 っ,6,silence,
飲 む,6,drink,
閉 め,6,closed,
逮 捕,6,apprehend,catch
連 絡,6,"""take",entwine
貸 し,6,lend,
要 だ,6,need,
自 由,6,oneself,reason
者 だ,6,someone,
神 様,6,god,"""formal"
目 的,6,eye,target
痛 い,6,pain,
畜 生,6,livestock,life
理 解,6,reason,untie
注 意,6,pour,idea
永 遠,6,eternity,far
気 か,6,feeling,
構 わ,6,construct,
望 み,6,hope,
最 悪,6,most,bad
明 日,6,bright,day
明 し,6,bright,
放 せ,6,release,
我 々,6,ego,
悪 く,6,bad,
悪 か,6,bad,
息 子,6,breath,child
思 わ,6,think,
得 な,6,acquire,
後 に,6,behind,
当 た,6,hit,
帰 り,6,return,
対 に,6,opposite,
夫 よ,6,husband,
夫 で,6,husband,
大 し,6,large,
君 が,6,you,
受 け,6,accept,
取 っ,6,take,
友 達,6,friend,attain
協 力,6,cooperation,power
力 を,6,power,
前 を,6,"""in",
前 が,6,"""in",
別 に,6,separate,
分 っ,6,part,
全 て,6,whole,
俺 を,6,i,
何 時,6,what,time
以 上,6,"""by",up
付 け,6,attach,
人 間,6,person,interval
久 し,6,"""long",
ー ブ,6,,
ー ケ,6,,
ー い,6,,
ン ナ,6,,
ン デ,6,,
ン タ,6,,
ン シ,6,,
ワ イ,6,,
レ ナ,6,,
レ ア,6,,
ル ズ,6,,
リ バ,6,,
マ リ,6,,
マ ズ,6,,
ヘ イ,6,,
ブ ル,6,,
ヒ ュ,6,,
ハ ー,6,,
ハ ン,6,,
ハ イ,6,,
ハ ァ,6,,
ノ ー,6,,
ニ ッ,6,,
ナ ン,6,,
ド ー,6,,
ト ラ,6,,
テ ッ,6,,
ッ チ,6,,
ッ グ,6,,
ダ ン,6,,
タ イ,6,,
ソ 野,6,,field
ス コ,6,,
ス は,6,,
ス と,6,,
シ ェ,6,,
サ リ,6,,
エ デ,6,,
ェ リ,6,,
ウ ー,6,,
ア ル,6,,
ァ ー,6,,
ん じ,6,,
を 閉,6,,closed
を 貸,6,,lend
を 愛,6,,love
を 上,6,,up
れ ろ,6,,
れ に,6,,
る つ,6,,
ら は,6,,
ら く,6,,
や り,6,,
や あ,6,,
も そ,6,,
め に,6,,
め な,6,,
み る,6,,
ほ ん,6,,
ほ っ,6,,
ぶ り,6,,
ぱ り,6,,
は 関,6,,related
は 思,6,,think
は フ,6,,
の 野,6,,field
の 言,6,,say
の 事,6,,"""abstract"
の つ,6,,
に 居,6,,reside
に 何,6,,what
な よ,6,,
ど な,6,,
で 終,6,,end
で ね,6,,
で な,6,,
で と,6,,
で だ,6,,
て 欲,6,,longing
て は,6,,
つ だ,6,,
つ き,6,,
っ ぱ,6,,
ち く,6,,
だ そ,6,,
た に,6,,
た で,6,,
た あ,6,,
ぜ そ,6,,
せ よ,6,,
す い,6,,
し ん,6,,
し み,6,,
し ぶ,6,,
し に,6,,
し そ,6,,
ざ ま,6,,
さ ぁ,6,,
こ ま,6,,
こ な,6,,
く 来,6,,come
ぎ る,6,,
き れ,6,,
か 言,6,,say
か わ,6,,
か が,6,,
お ー,6,,
お め,6,,
え ー,6,,
え は,6,,
え と,6,,
い さ,6,,
い が,6,,
あ ー,6,,
あ も,6,,
あ ね,6,,
あ げ,6,,
駄 目,5,burdensome,eye
間 の,5,interval,
配 す,5,distribute,
運 を,5,carry,
車 を,5,car,
談 で,5,discuss,
談 だ,5,discuss,
認 し,5,recognize,
話 す,5,talk,
訳 あ,5,translate,
許 し,5,permit,
解 で,5,untie,
解 っ,5,untie,
解 し,5,untie,
見 る,5,see,
要 は,5,need,
苦 労,5,suffer,labour
船 長,5,boat,long
興 味,5,entertain,flavor
聞 く,5,hear,
立 ち,5,"""stand",
知 る,5,know,
真 実,5,true,truth
番 だ,5,"""one's",
理 由,5,reason,reason
狂 っ,5,lunatic,
無 駄,5,nothing,burdensome
為 に,5,do,
気 の,5,feeling,
気 な,5,feeling,
殺 人,5,kill,person
武 器,5,military,container
次 は,5,next,
査 官,5,investigate,"""government"
敵 だ,5,enemy,
放 し,5,release,
探 し,5,grope,
捜 査,5,search,investigate
所 は,5,place,
戻 ら,5,re-,
我 と,5,ego,
急 い,5,hurry,
必 ず,5,"""without",
張 れ,5,stretch,
張 っ,5,stretch,
弁 し,5,valve,
度 は,5,degrees,
幸 運,5,happiness,carry
帰 ろ,5,return,
完 璧,5,perfect,sphere
安 心,5,cheap,heart
子 だ,5,child,
女 だ,5,woman,
夫 大,5,husband,large
大 好,5,large,like
嘘 で,5,,
味 だ,5,flavor,
君 も,5,you,
君 に,5,you,
合 い,5,fit,
可 能,5,possible,ability
勘 弁,5,intuition,valve
動 し,5,move,
切 れ,5,cut,
分 は,5,part,
具 合,5,tool,fit
全 く,5,whole,
入 り,5,enter,
僕 の,5,me,
俺 だ,5,i,
何 故,5,what,circumstances
体 ど,5,body,
今 日,5,now,day
今 度,5,now,degrees
今 夜,5,now,night
人 だ,5,person,
乾 杯,5,dry,"""counter"
乗 っ,5,ride,
世 界,5,world,world
上 が,5,up,
ー ヒ,5,,
ー ナ,5,,
ー ダ,5,,
ー キ,5,,
ヴ ァ,5,,
ン チ,5,,
ン ズ,5,,
ン グ,5,,
ロ ル,5,,
ロ ド,5,,
レ デ,5,,
レ ク,5,,
リ ズ,5,,
ョ ッ,5,,
ヤ バ,5,,
メ ダ,5,,
ミ ッ,5,,
ミ ス,5,,
ポ ー,5,,
ポ ッ,5,,
ボ ン,5,,
ベ ン,5,,
ベ ッ,5,,
フ ロ,5,,
フ フ,5,,
フ ェ,5,,
ビ ク,5,,
ヒ ー,5,,
パ イ,5,,
バ ン,5,,
バ リ,5,,
ハ ロ,5,,
ハ ム,5,,
ハ ッ,5,,
ナ イ,5,,
ド ン,5,,
ド ク,5,,
ト ー,5,,
ト ニ,5,,
ト ッ,5,,
ト だ,5,,
デ ー,5,,
ッ サ,5,,
チ ー,5,,
チ ョ,5,,
チ ク,5,,
ダ ー,5,,
ダ ニ,5,,
ソ ッ,5,,
ソ だ,5,,
ス マ,5,,
ジ ン,5,,
シ ン,5,,
シ ス,5,,
ザ ッ,5,,
ゲ イ,5,,
ク ロ,5,,
ギ ャ,5,,
ガ ー,5,,
カ な,5,,
イ モ,5,,
イ ノ,5,,
イ ズ,5,,
ィ ッ,5,,
ア ホ,5,,
ァ イ,5,,
を 覚,5,,memorize
を 聞,5,,hear
を 放,5,,release
を 捨,5,,"""throw"
を 持,5,,hold
を 呼,5,,call
を 出,5,,exit
を 信,5,,trust
を 付,5,,attach
を 下,5,,below
を ど,5,,
わ ー,5,,
わ ん,5,,
れ い,5,,
る ほ,5,,
る べ,5,,
る こ,5,,
り 得,5,,acquire
り ね,5,,
ら を,5,,
ら に,5,,
ら せ,5,,
よ っ,5,,
よ せ,5,,
や す,5,,
も 言,5,,say
も 知,5,,know
む か,5,,
み よ,5,,
み の,5,,
み だ,5,,
ま わ,5,,
ま ま,5,,
ば ん,5,,
ば ら,5,,
ば か,5,,
は 我,5,,ego
は ね,5,,
は で,5,,
の 男,5,,male
の 毒,5,,poison
の ま,5,,
の ね,5,,
に 出,5,,exit
に 任,5,,responsibility
に ち,5,,
ど け,5,,
と に,5,,
と く,5,,
で 全,5,,whole
で よ,5,,
て 見,5,,see
て わ,5,,
て ま,5,,
て だ,5,,
つ ん,5,,
っ け,5,,
ち ま,5,,
だ ま,5,,
だ ぞ,5,,
た こ,5,,
ず だ,5,,
ず い,5,,
す な,5,,
す げ,5,,
じ だ,5,,
し ー,5,,
し だ,5,,
さ な,5,,
さ か,5,,
ご 苦,5,,suffer
こ り,5,,
け 取,5,,take
け れ,5,,
け が,5,,
ぐ 戻,5,,re-
く る,5,,
き だ,5,,
が ら,5,,
が で,5,,
が し,5,,
か 用,5,,use
か ん,5,,
か れ,5,,
か ね,5,,
お 父,5,,father
お 母,5,,mother
お ま,5,,
お は,5,,
え も,5,,
え ま,5,,
う 違,5,,differ
う 少,5,,few
う っ,5,,
う ち,5,,
い 考,5,,think
い そ,5,,
あ ま,5,,
あ く,5,,
黙 れ,4,silence,
題 が,4,topic,
順 調,4,obey,investigate
陛 下,4,highness,below
閉 じ,4,closed,
部 長,4,part,long
部 だ,4,part,
遠 慮,4,far,prudence
達 は,4,attain,
遅 い,4,slow,
軍 曹,4,army,cadet
謝 す,4,apologize,
謝 し,4,apologize,
調 べ,4,investigate,
誰 な,4,"""who",
訳 な,4,translate,
計 画,4,measure,tableau
触 る,4,contact,
覚 ま,4,memorize,
行 為,4,go,do
自 分,4,oneself,part
美 し,4,beauty,
絡 す,4,entwine,
空 を,4,sky,
私 と,4,me,
私 だ,4,me,
知 し,4,know,
着 信,4,wear,trust
的 は,4,target,
発 射,4,departure,shoot
番 号,4,"""one's",number
由 に,4,reason,
用 で,4,use,
用 だ,4,use,
深 い,4,deep,
決 し,4,decide,
気 よ,4,feeling,
死 に,4,death,
歩 け,4,walk,
正 直,4,correct,straight
構 で,4,construct,
来 ま,4,come,
束 す,4,bundle,
最 低,4,most,low
日 は,4,day,
方 法,4,direction,method
放 て,4,release,
撃 つ,4,beat,
掴 ま,4,,
持 ち,4,hold,
戻 り,4,re-,
愛 い,4,love,
悪 だ,4,bad,
応 答,4,respond,answer
心 し,4,heart,
待 つ,4,wait,
彼 を,4,he,
彼 が,4,he,
当 だ,4,hit,
当 か,4,hit,
帰 っ,4,return,
居 る,4,reside,
寂 し,4,loneliness,
家 族,4,house,tribe
実 だ,4,truth,
完 了,4,perfect,finish
守 る,4,protect,
子 よ,4,child,
嫌 よ,4,dislike,
嫌 だ,4,dislike,
始 ま,4,begin,
如 何,4,likeness,what
失 敗,4,lose,failure
多 分,4,many,part
変 わ,4,change,
回 は,4,times,
回 の,4,times,
器 を,4,container,
嘘 つ,4,,
味 深,4,flavor,deep
味 な,4,flavor,
向 け,4,"""over",
同 じ,4,same,
可 愛,4,possible,love
取 引,4,take,pull
危 な,4,dangerous,
単 だ,4,simple,
勿 論,4,,theory
判 っ,4,judge,
出 る,4,exit,
処 に,4,dispose,
全 だ,4,whole,
先 生,4,previous,life
僕 だ,4,me,
信 音,4,trust,sound
何 人,4,what,person
何 事,4,what,"""abstract"
伝 う,4,transmit,
会 お,4,association,
令 だ,4,orders,
今 ど,4,now,
事 で,4,"""abstract",
事 か,4,"""abstract",
丿 ヾ,4,,
ー ビ,4,,
ン リ,4,,
ン キ,4,,
ワ ン,4,,
ロ ジ,4,,
レ ル,4,,
ル フ,4,,
ル ド,4,,
リ サ,4,,
リ カ,4,,
リ エ,4,,
ラ ス,4,,
ヤ だ,4,,
ャ リ,4,,
メ ア,4,,
ミ ン,4,,
ミ リ,4,,
マ ル,4,,
ボ ス,4,,
ベ ス,4,,
ヘ ン,4,,
ブ ー,4,,
フ リ,4,,
ピ ン,4,,
パ ン,4,,
パ ト,4,,
ノ チ,4,,
ニ ュ,4,,
ナ ム,4,,
ド ロ,4,,
ド ラ,4,,
ド は,4,,
ト レ,4,,
ト を,4,,
デ ン,4,,
デ ビ,4,,
デ ッ,4,,
デ ク,4,,
テ キ,4,,
ッ ジ,4,,
ッ カ,4,,
ダ ム,4,,
ダ ナ,4,,
ゾ ー,4,,
ソ ー,4,,
ソ っ,4,,
ズ ボ,4,,
ズ ウ,4,,
ス レ,4,,
ス パ,4,,
ス チ,4,,
ス カ,4,,
ジ か,4,,
ザ ン,4,,
サ ラ,4,,
ゴ メ,4,,
コ ナ,4,,
コ ッ,4,,
ケ ル,4,,
ク ラ,4,,
カ ス,4,,
エ ラ,4,,
エ ミ,4,,
エ バ,4,,
ェ ッ,4,,
ェ シ,4,,
イ ロ,4,,
イ ミ,4,,
イ ブ,4,,
イ フ,4,,
イ ド,4,,
イ ザ,4,,
イ サ,4,,
イ コ,4,,
イ ケ,4,,
ィ リ,4,,
ィ ス,4,,
ア ラ,4,,
ア ニ,4,,
ァ ッ,4,,
ん ね,4,,
ん か,4,,
を 離,4,,detach
を 探,4,,grope
を 向,4,,"""over"
わ る,4,,
わ ら,4,,
わ た,4,,
わ せ,4,,
わ い,4,,
わ ぁ,4,,
ろ だ,4,,
れ 見,4,,see
れ ん,4,,
れ っ,4,,
れ さ,4,,
る と,4,,
り よ,4,,
り は,4,,
り え,4,,
ら 来,4,,come
ら め,4,,
ら へ,4,,
ら で,4,,
ら っ,4,,
や 違,4,,differ
や く,4,,
や ぁ,4,,
も 愛,4,,love
も ん,4,,
も か,4,,
め た,4,,
み な,4,,
ま じ,4,,
べ る,4,,
べ き,4,,
ぶ ん,4,,
ひ ざ,4,,
ば れ,4,,
ば あ,4,,
は 知,4,,know
は 出,4,,exit
は や,4,,
は た,4,,
の 無,4,,nothing
の 必,4,,"""without"
の 後,4,,behind
の 中,4,,middle
に 気,4,,feeling
に 乗,4,,ride
に ど,4,,
に だ,4,,
に ご,4,,
ど の,4,,
と ん,4,,
と け,4,,
で 手,4,,hand
で 待,4,,wait
て 知,4,,know
て 分,4,,part
て け,4,,
て う,4,,
つ く,4,,
っ そ,4,,
っ こ,4,,
ち な,4,,
だ だ,4,,
た 会,4,,association
た を,4,,
た ぶ,4,,
た っ,4,,
た が,4,,
そ ろ,4,,
ぜ な,4,,
せ た,4,,
す べ,4,,
す ば,4,,
す っ,4,,
じ ろ,4,,
じ ょ,4,,
じ っ,4,,
じ さ,4,,
さ て,4,,
さ せ,4,,
こ せ,4,,
け っ,4,,
ぐ 行,4,,go
ぐ よ,4,,
ぐ だ,4,,
く 行,4,,go
く 考,4,,think
く も,4,,
く ね,4,,
く て,4,,
く さ,4,,
き に,4,,
き っ,4,,
が 行,4,,go
が 正,4,,correct
が 望,4,,hope
が 悪,4,,bad
が 問,4,,question
が ん,4,,
か 問,4,,question
か だ,4,,
か げ,4,,
お 気,4,,feeling
お っ,4,,
お じ,4,,
え が,4,,
え ぇ,4,,
え あ,4,,
う 願,4,,request
う 終,4,,end
う 大,4,,large
う う,4,,
い 閣,4,,tall
い 待,4,,wait
い 子,4,,child
い 大,4,,large
い ろ,4,,
い も,4,,
い に,4,,
あ 神,4,,god
あ ち,4,,
あ さ,4,,
々 は,4,,
ﾙ ﾏ,3,,
ﾏ ﾝ,3,,
ｱ ﾙ,3,,
黙 り,3,silence,
鹿 な,3,deer,
魔 し,3,witch,
驚 き,3,wonder,
駄 だ,3,burdensome,
風 に,3,wind,
願 う,3,request,
題 で,3,topic,
題 だ,3,topic,
離 せ,3,detach,
隠 れ,3,conceal,
降 ろ,3,descend,
間 を,3,interval,
間 は,3,interval,
開 始,3,open,begin
長 い,3,long,
金 は,3,gold,
重 に,3,heavy,
配 し,3,distribute,
道 を,3,road,
遅 れ,3,slow,
遅 か,3,slow,
通 し,3,"""pass",
返 し,3,return,
近 づ,3,near,
込 め,3,crowded,
車 に,3,car,
貴 方,3,precious,direction
護 す,3,safeguard,
警 官,3,"""guard","""government"
警 告,3,"""guard",tell
誕 生,3,nativity,life
誓 う,3,vow,
認 め,3,recognize,
話 で,3,talk,
話 そ,3,talk,
試 し,3,test,
証 明,3,evidence,bright
許 さ,3,permit,
言 葉,3,say,leaf
解 だ,3,untie,
視 し,3,"""look",
視 さ,3,"""look",
脅 威,3,threaten,intimidate
聞 か,3,hear,
者 は,3,someone,
者 と,3,someone,
翻 訳,3,flip,translate
美 咲,3,beauty,blossom
置 い,3,put,
緊 急,3,tense,hurry
綺 麗,3,,lovely
結 婚,3,tie,marriage
笑 い,3,laugh,
空 の,3,sky,
私 た,3,me,
神 父,3,god,father
祈 る,3,pray,
礼 す,3,thanks,
直 に,3,straight,
直 す,3,straight,
皆 さ,3,all,
的 に,3,target,
由 は,3,reason,
用 か,3,use,
生 日,3,life,day
理 よ,3,reason,
犯 罪,3,crime,guilt
爆 弾,3,explode,bullet
満 足,3,full,foot
渡 せ,3,transit,
渡 し,3,transit,
法 は,3,method,
決 ま,3,decide,
気 持,3,feeling,hold
気 そ,3,feeling,
毒 に,3,poison,
死 な,3,death,
正 解,3,correct,untie
歓 迎,3,delight,welcome
機 嫌,3,machine,dislike
様 で,3,"""formal",
本 物,3,book,thing
最 初,3,most,first
普 通,3,universal,"""pass"
時 如,3,time,likeness
時 も,3,time,
早 い,3,early,
日 お,3,day,
方 は,3,direction,
新 た,3,new,
教 授,3,teach,instruct
政 府,3,politics,"""urban"
撃 っ,3,beat,
援 護,3,aid,safeguard
捕 す,3,catch,
拠 は,3,foothold,
手 遅,3,hand,slow
戻 れ,3,re-,
我 慢,3,ego,ridicule
慮 す,3,prudence,
慎 重,3,humility,heavy
意 は,3,idea,
想 像,3,concept,statue
恐 れ,3,fear,
怖 が,3,dreadful,
怖 か,3,dreadful,
念 で,3,thought,
忙 し,3,busy,
後 退,3,behind,retreat
後 の,3,behind,
後 だ,3,behind,
彼 の,3,he,
当 事,3,hit,"""abstract"
当 で,3,hit,
引 っ,3,pull,
度 も,3,degrees,
府 は,3,"""urban",
帰 れ,3,return,
字 幕,3,letter,curtain
妙 だ,3,exquisite,
奴 ら,3,guy,
奴 は,3,guy,
奴 だ,3,guy,
女 に,3,woman,
女 が,3,woman,
奥 さ,3,heart,
奇 妙,3,strange,exquisite
夫 な,3,husband,
大 尉,3,large,"""military"
大 佐,3,large,help
外 に,3,outside,
地 面,3,ground,face
地 獄,3,ground,prison
嘘 を,3,,
問 は,3,question,
問 だ,3,question,
問 が,3,question,
呼 吸,3,call,suck
呼 び,3,call,
味 が,3,flavor,
吸 し,3,suck,
君 だ,3,you,
同 感,3,same,feeling
司 令,3,director,orders
号 が,3,number,
口 を,3,mouth,
取 れ,3,take,
友 子,3,friend,child
北 の,3,north,
動 け,3,move,
動 か,3,move,
力 し,3,power,
前 な,3,"""in",
判 ら,3,judge,
初 め,3,first,
刑 事,3,punish,"""abstract"
分 ら,3,part,
出 発,3,exit,departure
出 よ,3,exit,
出 す,3,exit,
凶 悪,3,villain,bad
全 然,3,whole,so
先 に,3,previous,
僕 が,3,me,
備 完,3,provide,perfect
備 で,3,provide,
備 し,3,provide,
供 の,3,offer,
何 よ,3,what,
位 置,3,rank,put
伝 っ,3,transmit,
休 め,3,rest,
件 は,3,affair,
令 官,3,orders,"""government"
他 の,3,other,
今 行,3,now,go
今 回,3,now,times
今 か,3,now,
人 と,3,person,
人 で,3,person,
人 々,3,person,
事 者,3,"""abstract",someone
事 件,3,"""abstract",affair
事 よ,3,"""abstract",
中 へ,3,middle,
不 断,3,non-,"""cut"
不 可,3,non-,possible
上 だ,3,up,
ー バ,3,,
ー デ,3,,
ー チ,3,,
ー ゼ,3,,
ー グ,3,,
ー エ,3,,
ー を,3,,
ー の,3,,
ー っ,3,,
ン ロ,3,,
ン ペ,3,,
ン プ,3,,
ン テ,3,,
ン ソ,3,,
ン サ,3,,
ン さ,3,,
ワ ト,3,,
ワ オ,3,,
ロ ラ,3,,
ロ ボ,3,,
ロ ビ,3,,
ロ ニ,3,,
ロ デ,3,,
ロ エ,3,,
ル ビ,3,,
ル コ,3,,
ル イ,3,,
リ ル,3,,
リ リ,3,,
リ ラ,3,,
リ ビ,3,,
リ チ,3,,
ラ ヴ,3,,
ヨ ー,3,,
ョ ニ,3,,
ョ ウ,3,,
ュ ア,3,,
ヤ ー,3,,
ャ シ,3,,
ャ ザ,3,,
モ ア,3,,
ム ス,3,,
ム を,3,,
ミ ア,3,,
マ ウ,3,,
マ は,3,,
ボ ブ,3,,
ボ ッ,3,,
ホ 宮,3,,"""Shinto"
ホ ッ,3,,
ペ ニ,3,,
ヘ レ,3,,
プ リ,3,,
プ ラ,3,,
ブ ロ,3,,
フ レ,3,,
ピ エ,3,,
ビ ル,3,,
ビ リ,3,,
ビ ア,3,,
ヒ ロ,3,,
パ ス,3,,
パ は,3,,
バ ル,3,,
バ ス,3,,
ハ ル,3,,
ハ リ,3,,
ノ ア,3,,
ネ ー,3,,
ネ ッ,3,,
ネ イ,3,,
ニ エ,3,,
ナ ジ,3,,
ド レ,3,,
ド ニ,3,,
ド ウ,3,,
ト ソ,3,,
ト ゥ,3,,
デ レ,3,,
テ ン,3,,
テ ロ,3,,
ッ ツ,3,,
ッ キ,3,,
ダ ル,3,,
タ レ,3,,
タ リ,3,,
タ ク,3,,
ソ フ,3,,
セ ン,3,,
セ バ,3,,
ズ イ,3,,
ズ さ,3,,
ス ノ,3,,
ス だ,3,,
ス し,3,,
ジ ム,3,,
ジ で,3,,
シ ロ,3,,
ザ ベ,3,,
サ マ,3,,
ゴ ル,3,,
コ ブ,3,,
ゲ ー,3,,
ケ リ,3,,
ケ ビ,3,,
ケ ガ,3,,
グ デ,3,,
グ ッ,3,,
ク ー,3,,
ギ ー,3,,
キ ュ,3,,
キ シ,3,,
キ エ,3,,
ガ モ,3,,
ガ ス,3,,
カ 言,3,,say
カ レ,3,,
オ ン,3,,
オ レ,3,,
オ ッ,3,,
エ レ,3,,
エ ナ,3,,
エ ド,3,,
エ ス,3,,
ェ ム,3,,
ゥ ギ,3,,
イ ヴ,3,,
イ マ,3,,
イ ナ,3,,
イ デ,3,,
イ チ,3,,
イ ソ,3,,
イ ジ,3,,
イ オ,3,,
ィ ア,3,,
ア メ,3,,
ア ム,3,,
ア デ,3,,
ア ダ,3,,
ア ク,3,,
ア ア,3,,
ん ち,3,,
ん が,3,,
ん う,3,,
を 考,3,,think
を 置,3,,put
を 祈,3,,pray
を 知,3,,know
を 助,3,,help
を 使,3,,use
を や,3,,
を お,3,,
を あ,3,,
わ れ,3,,
わ お,3,,
わ あ,3,,
ろ は,3,,
れ 様,3,,"""formal"
れ 何,3,,what
れ ら,3,,
れ と,3,,
れ ず,3,,
れ じ,3,,
れ く,3,,
る 為,3,,do
る 時,3,,time
る は,3,,
る せ,3,,
り 合,3,,fit
り ろ,3,,
り さ,3,,
り か,3,,
ら ま,3,,
ら ば,3,,
ら の,3,,
ら ね,3,,
ら す,3,,
ら え,3,,
よ り,3,,
よ こ,3,,
よ い,3,,
や 別,3,,separate
や ま,3,,
や そ,3,,
ゃ 何,3,,what
も 無,3,,nothing
も 分,3,,part
も さ,3,,
め ら,3,,
め き,3,,
む よ,3,,
ま ん,3,,
ほ う,3,,
へ え,3,,
ふ ん,3,,
ふ う,3,,
び っ,3,,
ひ と,3,,
ば な,3,,
は 言,3,,say
は 見,3,,see
は 良,3,,good
は 監,3,,oversee
は 殺,3,,kill
は 正,3,,correct
は パ,3,,
は っ,3,,
は す,3,,
は ぁ,3,,
の 頃,3,,times
の 音,3,,sound
の 調,3,,investigate
の 着,3,,wear
の 用,3,,use
の 王,3,,king
の 日,3,,day
の 方,3,,direction
の ク,3,,
の り,3,,
ね ぇ,3,,
に 誰,3,,"""who"
に 言,3,,say
に 伏,3,,prostrated
に つ,3,,
に さ,3,,
に が,3,,
に か,3,,
な 風,3,,wind
な 死,3,,death
な は,3,,
な な,3,,
な と,3,,
な け,3,,
な が,3,,
な お,3,,
ど ち,3,,
と 失,3,,lose
と ね,3,,
と じ,3,,
で 会,3,,association
で た,3,,
て 君,3,,you
て 何,3,,what
て の,3,,
て っ,3,,
て そ,3,,
つ で,3,,
ち 行,3,,go
ち よ,3,,
ち で,3,,
だ 終,3,,end
だ 生,3,,life
だ 分,3,,part
だ れ,3,,
だ ら,3,,
だ の,3,,
だ あ,3,,
た 通,3,,"""pass"
た 誰,3,,"""who"
た 明,3,,bright
た 分,3,,part
た 事,3,,"""abstract"
た ろ,3,,
た と,3,,
そ ら,3,,
ぜ 分,3,,part
ぜ だ,3,,
せ に,3,,
じ な,3,,
し 合,3,,fit
し れ,3,,
し め,3,,
ご 用,3,,use
ご く,3,,
げ ら,3,,
け 直,3,,straight
け ん,3,,
け で,3,,
け か,3,,
く 見,3,,see
く は,3,,
く つ,3,,
く っ,3,,
く せ,3,,
き よ,3,,
き し,3,,
が 開,3,,open
が 見,3,,see
が 無,3,,nothing
が 欲,3,,longing
が 出,3,,exit
が そ,3,,
が す,3,,
か 飲,3,,drink
か 助,3,,help
か 分,3,,part
か つ,3,,
か す,3,,
か く,3,,
お 邪,3,,wicked
お 入,3,,enter
お 元,3,,origin
お 会,3,,association
お ば,3,,
お そ,3,,
お け,3,,
お お,3,,
え ら,3,,
え ど,3,,
え い,3,,
う 遅,3,,slow
う 言,3,,say
う 時,3,,time
う ら,3,,
う め,3,,
う ぶ,3,,
う つ,3,,
い 質,3,,quality
い こ,3,,
あ 来,3,,come
あ 大,3,,large
あ 何,3,,what
あ わ,3,,
あ う,3,,
ぁ ね,3,,
ぁ そ,3,,
々 を,3,,
ﾞ ﾙ,2,,
ﾝ ﾄ,2,,
ﾘ ﾝ,2,,
ﾄ ﾞ,2,,
ﾄ ﾘ,2,,
麗 だ,2,lovely,
鹿 げ,2,deer,
魔 す,2,witch,
魅 力,2,fascination,power
高 校,2,tall,school
駆 逐,2,drive,pursue
駄 よ,2,burdensome,
飲 ん,2,drink,
飲 め,2,drink,
食 事,2,eat,"""abstract"
食 は,2,eat,
題 発,2,topic,departure
題 は,2,topic,
題 か,2,topic,
頼 ん,2,trust,
頼 み,2,trust,
面 に,2,face,
静 粛,2,quiet,solemn
青 空,2,blue,sky
難 し,2,difficult,
離 し,2,detach,
雑 な,2,miscellaneous,
集 中,2,collect,middle
隠 密,2,conceal,secrecy
隠 し,2,conceal,
隊 長,2,group,long
険 だ,2,precipitous,
関 知,2,related,know
関 わ,2,related,
間 切,2,interval,cut
間 に,2,interval,
開 発,2,open,departure
開 く,2,open,
門 を,2,gates,
錠 を,2,lock,
銃 だ,2,gun,
金 だ,2,gold,
野 朗,2,field,melodious
酷 い,2,cruel,
配 は,2,distribute,
避 難,2,evade,difficult
選 択,2,choose,choose
遠 君,2,far,you
遠 に,2,far,
違 え,2,differ,
達 也,2,attain,
達 だ,2,attain,
運 転,2,carry,revolve
遅 刻,2,slow,engrave
遅 す,2,slow,
進 め,2,advance,
速 人,2,fast,person
速 く,2,fast,
通 の,2,"""pass",
逐 艦,2,pursue,warship
逃 し,2,escape,
逃 が,2,escape,
退 し,2,retreat,
追 い,2,follow,
返 せ,2,return,
近 寄,2,near,approach
迎 す,2,welcome,
車 か,2,car,
身 は,2,body,
距 離,2,long-distance,detach
足 か,2,foot,
起 動,2,"""wake",move
走 れ,2,run,
走 っ,2,run,
賛 成,2,approve,become
貸 せ,2,lend,
貴 様,2,precious,"""formal"
責 任,2,blame,responsibility
責 め,2,blame,
護 し,2,safeguard,
警 部,2,"""guard",part
諸 君,2,various,you
諦 め,2,abandon,
談 じ,2,discuss,
調 だ,2,investigate,
誰 を,2,"""who",
誰 と,2,"""who",
語 字,2,language,letter
誓 っ,2,vow,
話 は,2,talk,
話 の,2,talk,
話 に,2,talk,
証 拠,2,evidence,foothold
触 ら,2,contact,
解 き,2,untie,
覚 悟,2,memorize,enlightenment
見 逃,2,see,escape
見 覚,2,see,memorize
見 失,2,see,lose
見 事,2,see,"""abstract"
見 な,2,see,
要 求,2,need,request
要 ら,2,need,
襲 わ,2,attack,
複 雑,2,duplicate,miscellaneous
裏 切,2,back,cut
裁 判,2,judge,judge
街 を,2,street,
行 し,2,go,
苦 し,2,suffer,
色 々,2,color,
良 し,2,good,
艦 長,2,warship,long
艦 が,2,warship,
般 人,2,generally,person
舞 う,2,dance,
自 殺,2,oneself,kill
臆 病,2,timidity,sick
膝 を,2,knee,
腹 す,2,abdomen,
脱 出,2,undress,exit
脱 げ,2,undress,
能 だ,2,ability,
胸 に,2,bosom,
聴 い,2,listen,
耐 え,2,resistant,
者 め,2,someone,
者 な,2,someone,
者 で,2,someone,
置 に,2,put,
置 け,2,put,
罪 ま,2,guilt,
繰 り,2,winding,
給 油,2,salary,oil
絡 し,2,entwine,
粛 に,2,solemn,
答 し,2,answer,
笑 わ,2,laugh,
笑 し,2,laugh,
笑 え,2,laugh,
立 て,2,"""stand",
立 つ,2,"""stand",
立 っ,2,"""stand",
突 撃,2,stab,beat
秘 密,2,secret,secrecy
科 学,2,section,study
私 達,2,me,attain
私 よ,2,me,
私 で,2,me,
私 じ,2,me,
神 よ,2,god,
神 の,2,god,
目 標,2,eye,signpost
目 だ,2,eye,
皆 殺,2,all,kill
皆 様,2,all,"""formal"
的 だ,2,target,
白 く,2,white,
発 生,2,departure,life
発 だ,2,departure,
発 し,2,departure,
痛 っ,2,pain,
病 者,2,sick,someone
病 気,2,sick,feeling
界 に,2,world,
男 は,2,male,
男 の,2,male,
由 だ,2,reason,
用 件,2,use,affair
生 存,2,life,suppose
璧 だ,2,sphere,
理 性,2,reason,gender
理 で,2,reason,
現 実,2,appear,truth
現 在,2,appear,exist
獄 に,2,prison,
状 況,2,form,condition
特 に,2,special,
物 だ,2,thing,
父 様,2,father,"""formal"
父 上,2,father,up
父 は,2,father,
父 の,2,father,
熱 い,2,heat,
然 で,2,so,
然 だ,2,so,
無 用,2,nothing,use
無 意,2,nothing,idea
渡 れ,2,transit,
済 ま,2,settle,
深 呼,2,deep,call
泳 ぐ,2,swim,
泥 棒,2,mud,rod
油 中,2,oil,middle
決 意,2,decide,idea
決 め,2,decide,
求 は,2,request,
水 を,2,water,
気 付,2,feeling,attach
気 は,2,feeling,
残 酷,2,remainder,cruel
死 ね,2,death,
正 気,2,correct,feeling
正 体,2,correct,body
次 第,2,next,"""ordinal"
次 の,2,next,
次 だ,2,next,
様 子,2,"""formal",child
構 え,2,construct,
構 い,2,construct,
楽 に,2,pleasure,
根 拠,2,root,foothold
栄 で,2,prosperity,
果 て,2,fruit,
来 に,2,come,
本 語,2,book,language
未 来,2,"""not",come
有 り,2,have,
最 近,2,most,near
替 え,2,exchange,
曜 日,2,"""day",day
時 に,2,time,
時 々,2,time,
星 が,2,star,
明 ら,2,bright,
明 で,2,bright,
明 す,2,bright,
早 う,2,early,
日 本,2,day,book
方 が,2,direction,
断 る,2,"""cut",
文 字,2,writing,letter
救 急,2,salvation,hurry
故 で,2,circumstances,
故 だ,2,circumstances,
支 配,2,branch,distribute
撃 て,2,beat,
撃 ち,2,beat,
撃 だ,2,beat,
携 帯,2,portable,sash
提 供,2,present,offer
捕 さ,2,catch,
挙 げ,2,raise,
押 せ,2,push,
抵 抗,2,resist,confront
投 げ,2,throw,
承 知,2,acquiesce,know
手 錠,2,hand,lock
手 段,2,hand,steps
手 く,2,hand,
扉 を,2,"""front",
所 だ,2,place,
戻 ろ,2,re-,
戻 し,2,re-,
戦 争,2,war,conflict
戦 え,2,war,
我 が,2,ego,
成 し,2,become,
慢 し,2,ridicule,
慌 て,2,disconcerted,
愚 か,2,foolish,
意 を,2,idea,
情 報,2,feelings,report
悲 し,2,sad,
悪 犯,2,bad,crime
悪 な,2,bad,
悔 や,2,repent,
息 を,2,breath,
息 が,2,breath,
恐 ら,2,fear,
怪 我,2,suspicious,ego
急 車,2,hurry,car
急 事,2,hurry,"""abstract"
急 ぐ,2,hurry,
怖 く,2,dreadful,
怒 っ,2,angry,
念 の,2,thought,
念 な,2,thought,
御 意,2,honorable,idea
後 は,2,behind,
待 機,2,wait,machine
待 た,2,wait,
彼 だ,2,he,
当 局,2,hit,office
当 は,2,hit,
当 な,2,hit,
弾 だ,2,bullet,
強 く,2,strong,
張 る,2,stretch,
引 け,2,pull,
引 き,2,pull,
座 れ,2,sit,
座 り,2,sit,
度 言,2,degrees,say
年 後,2,year,behind
年 前,2,year,"""in"
年 も,2,year,
左 左,2,"""left","""left"
左 だ,2,"""left",
屋 上,2,roof,up
居 場,2,reside,place
居 ろ,2,reside,
局 に,2,office,
尽 く,2,exhaust,
少 な,2,few,
少 々,2,few,
小 僧,2,small,"""Buddhist"
将 軍,2,leader,army
察 よ,2,guess,
寒 い,2,cold,
密 に,2,secrecy,
寄 る,2,approach,
容 疑,2,contain,doubt
実 際,2,truth,occasion
実 は,2,truth,
安 官,2,cheap,"""government"
存 在,2,suppose,exist
子 ね,2,child,
子 ど,2,child,
子 う,2,child,
嬢 さ,2,lass,
娠 し,2,"""with",
娘 だ,2,daughter,
威 か,2,intimidate,
妊 娠,2,pregnancy,"""with"
女 か,2,woman,
奥 様,2,heart,"""formal"
失 せ,2,lose,
大 き,2,large,
夜 は,2,night,
多 す,2,many,
外 れ,2,outside,
外 せ,2,outside,
夏 美,2,summer,beauty
変 ね,2,change,
変 な,2,change,
壊 れ,2,demolition,
報 は,2,report,
執 行,2,tenacious,go
地 球,2,ground,sphere
国 の,2,country,
因 は,2,cause,
嘘 よ,2,,
嘘 じ,2,,
喋 る,2,,
問 に,2,question,
呼 ん,2,call,
味 は,2,flavor,
味 で,2,flavor,
君 な,2,you,
君 か,2,you,
向 か,2,"""over",
吐 き,2,spit,
合 体,2,fit,body
合 は,2,fit,
合 っ,2,fit,
右 だ,2,"""right",
可 笑,2,possible,laugh
友 人,2,friend,person
参 っ,2,participate,
単 な,2,simple,
動 す,2,move,
動 い,2,move,
労 さ,2,labour,
力 に,2,power,
前 進,2,"""in",advance
前 ら,2,"""in",
前 も,2,"""in",
前 へ,2,"""in",
前 か,2,"""in",
刻 だ,2,engrave,
判 長,2,judge,long
判 り,2,judge,
初 か,2,first,
切 り,2,cut,
分 を,2,part,
分 り,2,part,
分 な,2,part,
分 で,2,part,
出 番,2,exit,"""one's"
出 な,2,exit,
処 だ,2,dispose,
凄 い,2,uncanny,
再 び,2,again,
全 な,2,whole,
入 ら,2,enter,
免 な,2,excuse,
光 栄,2,ray,prosperity
兄 弟,2,"""older","""younger"
僕 じ,2,me,
像 で,2,statue,
備 い,2,provide,
俺 達,2,i,attain
信 用,2,trust,use
保 護,2,preserve,safeguard
保 安,2,preserve,cheap
例 え,2,example,
使 う,2,use,
何 度,2,what,degrees
何 っ,2,what,
何 こ,2,what,
伸 ば,2,lengthen,
伝 お,2,transmit,
伝 え,2,transmit,
伝 い,2,transmit,
会 っ,2,association,
休 ん,2,rest,
休 み,2,rest,
任 だ,2,responsibility,
件 の,2,affair,
仲 間,2,relationship,interval
仰 せ,2,face-up,
付 か,2,attach,
今 何,2,now,what
今 よ,2,now,
今 だ,2,now,
人 を,2,person,
人 が,2,person,
人 い,2,person,
亡 く,2,deceased,
互 い,2,mutually,
事 故,2,"""abstract",circumstances
事 態,2,"""abstract",condition
事 中,2,"""abstract",middle
乗 る,2,ride,
中 の,2,middle,
中 で,2,middle,
中 だ,2,middle,
中 し,2,middle,
両 方,2,both,direction
両 手,2,both,hand
世 話,2,world,talk
不 能,2,non-,ability
不 明,2,non-,bright
上 手,2,up,hand
上 よ,2,up,
一 般,2,one,generally
一 回,2,one,times
一 人,2,one,person
一 つ,2,one,
ヾ チ,2,,
ー 大,2,,large
ー ヴ,2,,
ー ヨ,2,,
ー ヤ,2,,
ー ホ,2,,
ー ニ,2,,
ー コ,2,,
ー に,2,,
ー と,2,,
ー だ,2,,
ー し,2,,
ー お,2,,
ー え,2,,
ー あ,2,,
ン ブ,2,,
ン ビ,2,,
ン パ,2,,
ン バ,2,,
ン セ,2,,
ン ゴ,2,,
ン カ,2,,
ン を,2,,
ン よ,2,,
ン だ,2,,
ワ ォ,2,,
ロ 行,2,,go
ロ レ,2,,
ロ モ,2,,
ロ ブ,2,,
ロ バ,2,,
ロ ス,2,,
ロ シ,2,,
レ ベ,2,,
レ ブ,2,,
レ ニ,2,,
レ タ,2,,
レ オ,2,,
レ は,2,,
ル 駆,2,,drive
ル リ,2,,
ル ヤ,2,,
ル デ,2,,
ル グ,2,,
ル は,2,,
ル だ,2,,
リ ュ,2,,
リ フ,2,,
リ タ,2,,
リ ジ,2,,
リ シ,2,,
リ コ,2,,
リ オ,2,,
リ ィ,2,,
リ だ,2,,
ラ ボ,2,,
ラ パ,2,,
ラ ハ,2,,
ラ ジ,2,,
ラ ゴ,2,,
ラ コ,2,,
ョ フ,2,,
ョ シ,2,,
ョ エ,2,,
ユ ー,2,,
ュ ミ,2,,
ュ ニ,2,,
ヤ ッ,2,,
ヤ ダ,2,,
ヤ よ,2,,
ャ ド,2,,
ャ サ,2,,
ャ イ,2,,
モ ル,2,,
モ リ,2,,
メ ー,2,,
メ イ,2,,
メ よ,2,,
メ な,2,,
ム リ,2,,
ム セ,2,,
ム だ,2,,
ミ ル,2,,
ミ サ,2,,
マ デ,2,,
マ コ,2,,
マ ギ,2,,
マ キ,2,,
ホ ラ,2,,
ペ イ,2,,
ベ ネ,2,,
フ ム,2,,
フ ッ,2,,
ピ ピ,2,,
ビ ス,2,,
ビ シ,2,,
パ ッ,2,,
バ ッ,2,,
バ い,2,,
ハ レ,2,,
ハ ニ,2,,
ネ ル,2,,
ニ ス,2,,
ニ コ,2,,
ニ ク,2,,
ニ キ,2,,
ニ ア,2,,
ナ ナ,2,,
ナ タ,2,,
ナ キ,2,,
ド ム,2,,
ト ワ,2,,
ト ロ,2,,
ト ム,2,,
ト ミ,2,,
ト フ,2,,
ト イ,2,,
ト は,2,,
ト に,2,,
ト さ,2,,
デ ル,2,,
デ ュ,2,,
テ リ,2,,
テ デ,2,,
ツ だ,2,,
ッ ラ,2,,
ッ ピ,2,,
ッ セ,2,,
ッ ケ,2,,
チ リ,2,,
チ ュ,2,,
チ ッ,2,,
ダ リ,2,,
ダ グ,2,,
タ ラ,2,,
タ バ,2,,
ソ ロ,2,,
ソ で,2,,
ソ つ,2,,
ソ が,2,,
セ ッ,2,,
セ ス,2,,
ズ い,2,,
ス 語,2,,language
ス ポ,2,,
ス ブ,2,,
ス ピ,2,,
ス オ,2,,
ス が,2,,
ジ ミ,2,,
ジ ア,2,,
シ マ,2,,
シ ッ,2,,
シ ア,2,,
ザ ヤ,2,,
ザ ス,2,,
サ プ,2,,
ゴ ラ,2,,
コ ン,2,,
コ ラ,2,,
コ ム,2,,
コ フ,2,,
ケ ッ,2,,
グ ラ,2,,
グ ス,2,,
ク ビ,2,,
ク ト,2,,
ク ウ,2,,
ク だ,2,,
キ オ,2,,
キ な,2,,
ガ は,2,,
カ 野,2,,field
カ 人,2,,person
カ リ,2,,
カ ッ,2,,
カ に,2,,
カ だ,2,,
オ オ,2,,
オ ォ,2,,
オ ウ,2,,
オ イ,2,,
エ ン,2,,
エ マ,2,,
ェ ン,2,,
ェ ニ,2,,
ェ ス,2,,
ウ ン,2,,
ウ ワ,2,,
ウ イ,2,,
イ ム,2,,
イ バ,2,,
イ シ,2,,
イ キ,2,,
イ カ,2,,
イ ェ,2,,
ィ ラ,2,,
ィ ム,2,,
ィ ニ,2,,
ィ ナ,2,,
ア ビ,2,,
ア キ,2,,
ア ァ,2,,
ア の,2,,
ア が,2,,
ァ ン,2,,
ァ ラ,2,,
ん 畜,2,,livestock
ん 事,2,,"""abstract"
ん ん,2,,
ん ま,2,,
ん ど,2,,
を 逮,2,,apprehend
を 責,2,,blame
を 行,2,,go
を 舞,2,,dance
を 渡,2,,transit
を 泳,2,,swim
を 止,2,,stop
を 支,2,,branch
を 挙,2,,raise
を 忘,2,,forget
を 尽,2,,exhaust
を 守,2,,protect
を 外,2,,outside
を 含,2,,include
を 保,2,,preserve
を 伸,2,,lengthen
を よ,2,,
を で,2,,
を だ,2,,
を か,2,,
わ け,2,,
わ ぉ,2,,
ろ を,2,,
ろ や,2,,
ろ と,2,,
ろ で,2,,
ろ そ,2,,
れ 以,2,,"""by"
れ や,2,,
れ も,2,,
る 前,2,,"""in"
る 凶,2,,villain
る 事,2,,"""abstract"
る ま,2,,
る た,2,,
り 返,2,,return
り 者,2,,someone
り 前,2,,"""in"
り 休,2,,rest
り と,2,,
り て,2,,
り く,2,,
ら 様,2,,"""formal"
ら 守,2,,protect
ら 何,2,,what
ら や,2,,
ら も,2,,
ら ど,2,,
ら そ,2,,
ら お,2,,
よ ー,2,,
よ け,2,,
よ お,2,,
ゆ ん,2,,
や 結,2,,tie
や 大,2,,large
や よ,2,,
や み,2,,
や が,2,,
や お,2,,
ゃ 驚,2,,wonder
ゃ 良,2,,good
ゃ っ,2,,
ゃ ぁ,2,,
も 違,2,,differ
も 見,2,,see
も 監,2,,oversee
も 狂,2,,lunatic
も 普,2,,universal
も 変,2,,change
も 出,2,,exit
も 一,2,,one
も よ,2,,
も ど,2,,
も で,2,,
め と,2,,
み を,2,,
み は,2,,
み く,2,,
み が,2,,
ま ら,2,,
ま み,2,,
ま に,2,,
ま て,2,,
ま づ,2,,
ま か,2,,
ぼ く,2,,
ほ と,2,,
べ ろ,2,,
べ よ,2,,
べ な,2,,
へ 来,2,,come
へ の,2,,
へ ど,2,,
へ ぇ,2,,
ふ ー,2,,
ば 長,2,,long
ば っ,2,,
は 間,2,,interval
は 許,2,,permit
は 終,2,,end
は 生,2,,life
は 残,2,,remainder
は 死,2,,death
は 最,2,,most
は 居,2,,reside
は 命,2,,fate
は 全,2,,whole
は 他,2,,other
は 人,2,,person
は 一,2,,one
は ダ,2,,
は ス,2,,
は オ,2,,
は わ,2,,
は ま,2,,
は お,2,,
の 間,2,,interval
の 開,2,,open
の 責,2,,blame
の 誰,2,,"""who"
の 見,2,,see
の 空,2,,sky
の 目,2,,eye
の 皆,2,,all
の 理,2,,reason
の 父,2,,father
の 為,2,,do
の 果,2,,fruit
の 時,2,,time
の 戦,2,,war
の 意,2,,idea
の 当,2,,hit
の 強,2,,strong
の 家,2,,house
の 場,2,,place
の 問,2,,question
の 助,2,,help
の 力,2,,power
の 何,2,,what
の ホ,2,,
の ド,2,,
の ウ,2,,
の も,2,,
の む,2,,
の に,2,,
の く,2,,
の が,2,,
の お,2,,
の う,2,,
の あ,2,,
ね っ,2,,
ぬ の,2,,
ぬ な,2,,
に 触,2,,contact
に 襲,2,,attack
に 答,2,,answer
に 殺,2,,kill
に 感,2,,feeling
に 従,2,,obey
に 対,2,,opposite
に 大,2,,large
に 合,2,,fit
に 動,2,,move
に 使,2,,use
に 会,2,,association
に を,2,,
に わ,2,,
に や,2,,
に ま,2,,
に ね,2,,
に た,2,,
に こ,2,,
な 気,2,,feeling
な 大,2,,large
な 具,2,,tool
な バ,2,,
な も,2,,
な あ,2,,
な ぁ,2,,
ど も,2,,
ど ね,2,,
ど く,2,,
と 速,2,,fast
と 話,2,,talk
と 早,2,,early
と 一,2,,one
と よ,2,,
と ま,2,,
と つ,2,,
と っ,2,,
と き,2,,
と え,2,,
で 話,2,,talk
で 良,2,,good
で 私,2,,me
で 知,2,,know
で 止,2,,stop
て 良,2,,good
て 今,2,,now
て ー,2,,
て ら,2,,
て に,2,,
て で,2,,
て し,2,,
て ご,2,,
づ け,2,,
づ か,2,,
つ の,2,,
つ な,2,,
つ て,2,,
つ ぞ,2,,
っ 込,2,,crowded
っ 張,2,,stretch
ち 上,2,,up
ち わ,2,,
ち も,2,,
ち つ,2,,
ち そ,2,,
ち こ,2,,
ち き,2,,
た 連,2,,"""take"
た 後,2,,behind
た る,2,,
た ま,2,,
た ば,2,,
た ぜ,2,,
た せ,2,,
ぞ 入,2,,enter
そ ー,2,,
そ つ,2,,
そ だ,2,,
そ い,2,,
ぜ 私,2,,me
ぜ ん,2,,
ぜ わ,2,,
ぜ で,2,,
ぜ か,2,,
せ ー,2,,
せ ば,2,,
せ の,2,,
せ え,2,,
ず 隠,2,,conceal
ず 見,2,,see
ず れ,2,,
ず は,2,,
ず け,2,,
す り,2,,
す と,2,,
す じ,2,,
じ 込,2,,crowded
じ か,2,,
し 分,2,,part
し 上,2,,up
し と,2,,
し こ,2,,
し き,2,,
さ に,2,,
さ す,2,,
さ が,2,,
ご 自,2,,oneself
ご 気,2,,feeling
ご 機,2,,machine
ご 協,2,,cooperation
ご ら,2,,
ご と,2,,
ご ち,2,,
こ ら,2,,
げ 急,2,,hurry
げ ん,2,,
げ よ,2,,
げ た,2,,
げ え,2,,
げ ぇ,2,,
け ま,2,,
け ば,2,,
ぐ ん,2,,
く 音,2,,sound
く 言,2,,say
く 早,2,,early
く 分,2,,part
く 乗,2,,ride
く と,2,,
く で,2,,
く ち,2,,
く た,2,,
く ぜ,2,,
く け,2,,
く が,2,,
く か,2,,
く お,2,,
き 脅,2,,threaten
き 残,2,,remainder
き 放,2,,release
き ら,2,,
き で,2,,
き そ,2,,
き じ,2,,
が 関,2,,related
が 給,2,,salary
が 知,2,,know
が 殺,2,,kill
が 来,2,,come
が 彼,2,,he
が 分,2,,part
が 共,2,,together
が 事,2,,"""abstract"
が 上,2,,up
が ー,2,,
が わ,2,,
が る,2,,
が ど,2,,
が だ,2,,
が か,2,,
が お,2,,
か 行,2,,go
か ろ,2,,
か ご,2,,
か お,2,,
か え,2,,
お 許,2,,permit
お 腹,2,,abdomen
お 楽,2,,pleasure
お 早,2,,early
お 悔,2,,repent
お 帰,2,,return
お 客,2,,guest
お 嬢,2,,lass
お 好,2,,like
お 先,2,,previous
お 休,2,,rest
お 任,2,,responsibility
お 互,2,,mutually
お 世,2,,world
お れ,2,,
お と,2,,
お し,2,,
お く,2,,
お ぉ,2,,
お ぅ,2,,
え 結,2,,tie
え 私,2,,me
え 大,2,,large
え り,2,,
え よ,2,,
え だ,2,,
え さ,2,,
う 度,2,,degrees
う 十,2,,ten
う パ,2,,
う ダ,2,,
う み,2,,
う ど,2,,
う た,2,,
う が,2,,
う あ,2,,
い 話,2,,talk
い 船,2,,boat
い 様,2,,"""formal"
い 感,2,,feeling
い 助,2,,help
い 何,2,,what
い マ,2,,
い を,2,,
い ず,2,,
あ 早,2,,early
あ 帰,2,,return
あ 分,2,,part
あ み,2,,
あ き,2,,
ぁ 行,2,,go
ぁ な,2,,
々 お,2,,
々 あ,2,,
